Accuracy,Loss,Precision,Recall,F1-Score
99.8671096345515,0.005816568287865706,0.9988358556461001,0.9988358556461001,0.9988358556461001
