Accuracy,Loss,Precision,Recall,F1-Score
99.04761904761905,0.02559409365584488,0.983587786259542,1.0,0.9917259957667885
