Accuracy,Loss,Precision,Recall,F1-Score
99.93355481727575,0.002805743884454782,1.0,0.9988399071925754,0.9994196169471852
