Accuracy,Loss,Precision,Recall,F1-Score
99.09191583610188,0.025319977526885355,0.9843928435477731,1.0,0.9921350469978899
